{"cameraMode":{"drawMode":0,"name":"Shaded","section":"Shading Mode"},"sceneLighting":true,"audioPlay":false,"sceneViewState":{"showFog":true,"showMaterialUpdate":false,"showSkybox":true,"showFlares":true,"showImageEffects":true,"showParticleSystems":true},"in2DMode":false,"pivot":{"x":0.471940279006958,"y":1.3009382486343384,"z":1.161010503768921},"rotation":{"x":-0.1071566566824913,"y":-0.3044466972351074,"z":0.0344911627471447,"w":-0.945854127407074},"size":6.438764572143555,"orthographic":false}