{"cameraMode":{"drawMode":0,"name":"Shaded","section":"Shading Mode"},"sceneLighting":true,"audioPlay":false,"sceneViewState":{"showFog":true,"showMaterialUpdate":false,"showSkybox":true,"showFlares":true,"showImageEffects":true,"showParticleSystems":true},"in2DMode":false,"pivot":{"x":38.257774353027347,"y":-11.689469337463379,"z":49.94496154785156},"rotation":{"x":0.12949873507022859,"y":-0.02587905339896679,"z":0.003379900474101305,"w":0.9912360906600952},"size":55.21267318725586,"orthographic":false}