{"cameraMode":{"drawMode":0,"name":"Shaded","section":"Shading Mode"},"sceneLighting":false,"audioPlay":false,"sceneViewState":{"showFog":true,"showMaterialUpdate":false,"showSkybox":true,"showFlares":true,"showImageEffects":true,"showParticleSystems":true},"in2DMode":false,"pivot":{"x":5.481881618499756,"y":4.754846096038818,"z":1.5088201761245728},"rotation":{"x":0.1213652491569519,"y":-0.5633386969566345,"z":0.08410346508026123,"w":0.8129247426986694},"size":2.6392786502838136,"orthographic":false}