{"cameraMode":{"drawMode":0,"name":"Shaded","section":"Shading Mode"},"sceneLighting":false,"audioPlay":false,"sceneViewState":{"showFog":true,"showMaterialUpdate":false,"showSkybox":true,"showFlares":true,"showImageEffects":true,"showParticleSystems":true},"in2DMode":false,"pivot":{"x":262.9975280761719,"y":503.3714599609375,"z":4.570000171661377},"rotation":{"x":-0.09801638871431351,"y":-0.2129465639591217,"z":0.021475588902831079,"w":-0.9718977808952332},"size":678.7521362304688,"orthographic":false}