{"cameraMode":{"drawMode":0,"name":"Shaded","section":"Shading Mode"},"sceneLighting":true,"audioPlay":false,"sceneViewState":{"showFog":true,"showMaterialUpdate":false,"showSkybox":true,"showFlares":true,"showImageEffects":true,"showParticleSystems":true},"in2DMode":false,"pivot":{"x":-0.5571892261505127,"y":2.199205160140991,"z":4.696150302886963},"rotation":{"x":-0.16944870352745057,"y":-0.2021283060312271,"z":0.035531651228666309,"w":-0.9639340043067932},"size":3.7832858562469484,"orthographic":false}