{"cameraMode":{"drawMode":0,"name":"Shaded","section":"Shading Mode"},"sceneLighting":true,"audioPlay":false,"sceneViewState":{"showFog":true,"showMaterialUpdate":false,"showSkybox":true,"showFlares":true,"showImageEffects":true,"showParticleSystems":true},"in2DMode":false,"pivot":{"x":-3.2194340229034426,"y":-5.747202396392822,"z":-13.816350936889649},"rotation":{"x":0.010571019724011422,"y":-0.7676945924758911,"z":0.012668120674788952,"w":0.6406034827232361},"size":5.141921043395996,"orthographic":false}