{"cameraMode":{"drawMode":0,"name":"Shaded","section":"Shading Mode"},"sceneLighting":true,"audioPlay":false,"sceneViewState":{"showFog":true,"showMaterialUpdate":false,"showSkybox":true,"showFlares":true,"showImageEffects":true,"showParticleSystems":true},"in2DMode":false,"pivot":{"x":-5.4681925773620609,"y":0.27742528915405276,"z":24.959930419921876},"rotation":{"x":0.08103460818529129,"y":-0.1376950442790985,"z":0.011303551495075226,"w":0.9870895743370056},"size":31.524999618530275,"orthographic":false}