{"cameraMode":{"drawMode":0,"name":"Shaded","section":"Shading Mode"},"sceneLighting":false,"audioPlay":false,"sceneViewState":{"showFog":true,"showMaterialUpdate":false,"showSkybox":true,"showFlares":true,"showImageEffects":true,"showParticleSystems":true},"in2DMode":false,"pivot":{"x":10.191171646118164,"y":-7.309917449951172,"z":-5.0708160400390629},"rotation":{"x":0.48696941137313845,"y":-0.406051367521286,"z":0.2733516991138458,"w":0.7233685255050659},"size":36.52375793457031,"orthographic":false}