{"cameraMode":{"drawMode":0,"name":"Shaded","section":"Shading Mode"},"sceneLighting":false,"audioPlay":false,"sceneViewState":{"showFog":true,"showMaterialUpdate":false,"showSkybox":true,"showFlares":true,"showImageEffects":true,"showParticleSystems":true},"in2DMode":false,"pivot":{"x":403.4239196777344,"y":447.10003662109377,"z":0.0},"rotation":{"x":-0.05278037115931511,"y":-0.013184410519897938,"z":0.0006965728243812919,"w":-0.9985188841819763},"size":1071.4957275390625,"orthographic":false}