{"cameraMode":{"drawMode":0,"name":"Shaded","section":"Shading Mode"},"sceneLighting":false,"audioPlay":false,"sceneViewState":{"showFog":true,"showMaterialUpdate":false,"showSkybox":true,"showFlares":true,"showImageEffects":true,"showParticleSystems":true},"in2DMode":false,"pivot":{"x":8.811529159545899,"y":-11.336507797241211,"z":-0.36211681365966799},"rotation":{"x":0.3409585952758789,"y":-0.4651305079460144,"z":0.20023246109485627,"w":0.7920277118682861},"size":36.52375793457031,"orthographic":false}