{"cameraMode":{"drawMode":0,"name":"Shaded","section":"Shading Mode"},"sceneLighting":false,"audioPlay":false,"sceneViewState":{"showFog":true,"showMaterialUpdate":false,"showSkybox":true,"showFlares":true,"showImageEffects":true,"showParticleSystems":true},"in2DMode":false,"pivot":{"x":-6.803952693939209,"y":1.5293530225753785,"z":1.1823301315307618},"rotation":{"x":-0.09801638871431351,"y":-0.2129465639591217,"z":0.021475588902831079,"w":-0.9718977808952332},"size":6.18478536605835,"orthographic":false}