{"cameraMode":{"drawMode":0,"name":"Shaded","section":"Shading Mode"},"sceneLighting":false,"audioPlay":false,"sceneViewState":{"showFog":true,"showMaterialUpdate":false,"showSkybox":true,"showFlares":true,"showImageEffects":true,"showParticleSystems":true},"in2DMode":false,"pivot":{"x":107.05501556396485,"y":151.4468994140625,"z":12.236010551452637},"rotation":{"x":-0.044631477445364,"y":0.04434466361999512,"z":0.001983106601983309,"w":0.998016893863678},"size":841.4119873046875,"orthographic":false}