{"cameraMode":{"drawMode":0,"name":"Shaded","section":"Shading Mode"},"sceneLighting":false,"audioPlay":false,"sceneViewState":{"showFog":true,"showMaterialUpdate":false,"showSkybox":true,"showFlares":true,"showImageEffects":true,"showParticleSystems":true},"in2DMode":false,"pivot":{"x":-18.155838012695314,"y":2.131009340286255,"z":-0.3486654460430145},"rotation":{"x":0.08309543132781983,"y":-0.6201925873756409,"z":0.06630751490592957,"w":0.7772127389907837},"size":8.5746488571167,"orthographic":false}