{"cameraMode":{"drawMode":0,"name":"Shaded","section":"Shading Mode"},"sceneLighting":false,"audioPlay":false,"sceneViewState":{"showFog":true,"showMaterialUpdate":false,"showSkybox":true,"showFlares":true,"showImageEffects":true,"showParticleSystems":true},"in2DMode":false,"pivot":{"x":96.63435363769531,"y":147.13150024414063,"z":-34.532955169677737},"rotation":{"x":-0.17017748951911927,"y":0.003256003139540553,"z":-0.000562475121114403,"w":-0.9854079484939575},"size":568.5673828125,"orthographic":false}