{"cameraMode":{"drawMode":0,"name":"Shaded","section":"Shading Mode"},"sceneLighting":false,"audioPlay":false,"sceneViewState":{"showFog":true,"showMaterialUpdate":false,"showSkybox":true,"showFlares":true,"showImageEffects":true,"showParticleSystems":true},"in2DMode":false,"pivot":{"x":5.165596961975098,"y":2.5172057151794435,"z":-1.1919548511505128},"rotation":{"x":0.07910118997097016,"y":-0.3322156071662903,"z":0.027971934527158738,"w":0.9394643902778626},"size":2.5496649742126467,"orthographic":false}