{"cameraMode":{"drawMode":0,"name":"Shaded","section":"Shading Mode"},"sceneLighting":false,"audioPlay":false,"sceneViewState":{"showFog":true,"showMaterialUpdate":false,"showSkybox":true,"showFlares":true,"showImageEffects":true,"showParticleSystems":true},"in2DMode":false,"pivot":{"x":-0.03259557485580444,"y":-1.791279673576355,"z":-0.012484133243560791},"rotation":{"x":0.17494624853134156,"y":-0.6473342180252075,"z":0.1561526209115982,"w":0.7252369523048401},"size":6.182453155517578,"orthographic":false}