{"cameraMode":{"drawMode":0,"name":"Shaded","section":"Shading Mode"},"sceneLighting":true,"audioPlay":false,"sceneViewState":{"showFog":true,"showMaterialUpdate":false,"showSkybox":true,"showFlares":true,"showImageEffects":true,"showParticleSystems":true},"in2DMode":false,"pivot":{"x":-1.0308268070220948,"y":-1.364295244216919,"z":1.228438138961792},"rotation":{"x":-0.09514979273080826,"y":0.9040547609329224,"z":-0.2740303575992584,"w":-0.3139091432094574},"size":11.413670539855957,"orthographic":false}